"ep_no","series_ep_code","title","air_date"
"","s00e01","Prequel to Season 4","2004-12-07"
"","s00e02","Prequel to Season 5","2005-12-06"
"","s00e03","Prequel to Season 6","2006-12-05"
"","s00e04","Day 6 Debrief 9:00 PM","2007-05-21"
"","s00e05","Day 6 Debrief 9:42 PM","2007-05-28"
"","s00e06","Day 6 Debrief 10:31 PM","2007-06-04"
"","s00e07","Day 6 Debrief 10:33 PM","2007-06-11"
"","s00e08","Day 6 Debrief 10:37 PM","2007-06-18"
"","s00e09","Redemption","2008-11-23"
"","s00e10","Chloe's Arrest","2010-11-08"
"","s00e11","Solitary","2014-09-30"
"","s00e12","Season Two Preview","2014-04-08"
"","s00e13","Jack is Back","2014-04-08"
"","s00e14","Season 1 Alternate Ending",""
"","s00e15","Kiefer Sutherland On Season One of 24","2005-01-30"
"","s00e16","Conspiracy","2005-01-30"
"","s00e17","The Raid","2017-01-09"
"001","s01e01","12:00 A.M.-1:00 A.M.","2001-11-06"
"002","s01e02","1:00 A.M.-2:00 A.M.","2001-11-13"
"003","s01e03","2:00 A.M.-3:00 A.M.","2001-11-20"
"004","s01e04","3:00 A.M.-4:00 A.M.","2001-11-27"
"005","s01e05","4:00 A.M.-5:00 A.M.","2001-12-11"
"006","s01e06","5:00 A.M.-6:00 A.M.","2001-12-18"
"007","s01e07","6:00 A.M.-7:00 A.M.","2002-01-08"
"008","s01e08","7:00 A.M.-8:00 A.M.","2002-01-15"
"009","s01e09","8:00 A.M.-9:00 A.M.","2002-01-22"
"010","s01e10","9:00 A.M.-10:00 A.M.","2002-02-05"
"011","s01e11","10:00 A.M.-11:00 A.M.","2002-02-12"
"012","s01e12","11:00 A.M.-12:00 P.M.","2002-02-19"
"013","s01e13","12:00 P.M.-1:00 P.M.","2002-02-26"
"014","s01e14","1:00 P.M.-2:00 P.M.","2002-03-05"
"015","s01e15","2:00 P.M.-3:00 P.M.","2002-03-12"
"016","s01e16","3:00 P.M.-4:00 P.M.","2002-03-19"
"017","s01e17","4:00 P.M.-5:00 P.M.","2002-03-26"
"018","s01e18","5:00 P.M.-6:00 P.M.","2002-04-02"
"019","s01e19","6:00 P.M.-7:00 P.M.","2002-04-09"
"020","s01e20","7:00 P.M.-8:00 P.M.","2002-04-16"
"021","s01e21","8:00 P.M.-9:00 P.M.","2002-04-23"
"022","s01e22","9:00 P.M.-10:00 P.M.","2002-05-07"
"023","s01e23","10:00 P.M.-11:00 P.M.","2002-05-14"
"024","s01e24","11:00 P.M.-12:00 A.M.","2002-05-21"
"025","s02e01","Day 2: 8:00 A.M.-9:00 A.M.","2002-10-29"
"026","s02e02","Day 2: 9:00 A.M.-10:00 A.M.","2002-11-05"
"027","s02e03","Day 2: 10:00 A.M.-11:00 A.M.","2002-11-12"
"028","s02e04","Day 2: 11:00 A.M.-12:00 P.M.","2002-11-19"
"029","s02e05","Day 2: 12:00 P.M.-1:00 P.M.","2002-11-26"
"030","s02e06","Day 2: 1:00 P.M.-2:00 P.M.","2002-12-03"
"031","s02e07","Day 2: 2:00 P.M.-3:00 P.M.","2002-12-10"
"032","s02e08","Day 2: 3:00 P.M.-4:00 P.M.","2002-12-17"
"033","s02e09","Day 2: 4:00 P.M.-5:00 P.M.","2003-01-07"
"034","s02e10","Day 2: 5:00 P.M.-6:00 P.M.","2003-01-14"
"035","s02e11","Day 2: 6:00 P.M.-7:00 P.M.","2003-02-04"
"036","s02e12","Day 2: 7:00 P.M.-8:00 P.M.","2003-02-11"
"037","s02e13","Day 2: 8:00 P.M.-9:00 P.M.","2003-02-18"
"038","s02e14","Day 2: 9:00 P.M.-10:00 P.M.","2003-02-25"
"039","s02e15","Day 2: 10:00 P.M.-11:00 P.M.","2003-03-04"
"040","s02e16","Day 2: 11:00 P.M.-12:00 A.M.","2003-03-25"
"041","s02e17","Day 2: 12:00 A.M.-1:00 A.M.","2003-04-01"
"042","s02e18","Day 2: 1:00 A.M.-2:00 A.M.","2003-04-08"
"043","s02e19","Day 2: 2:00 A.M.-3:00 A.M.","2003-04-15"
"044","s02e20","Day 2: 3:00 A.M.-4:00 A.M.","2003-04-22"
"045","s02e21","Day 2: 4:00 A.M.-5:00 A.M.","2003-04-29"
"046","s02e22","Day 2: 5:00 A.M.-6:00 A.M.","2003-05-06"
"047","s02e23","Day 2: 6:00 A.M.-7:00 A.M.","2003-05-13"
"048","s02e24","Day 2: 7:00 A.M.-8:00 A.M.","2003-05-20"
"049","s03e01","Day 3: 1:00 P.M.-2:00 P.M.","2003-10-28"
"050","s03e02","Day 3: 2:00 P.M.-3:00 P.M.","2003-11-04"
"051","s03e03","Day 3: 3:00 P.M.-4:00 P.M.","2003-11-11"
"052","s03e04","Day 3: 4:00 P.M.-5:00 P.M.","2003-11-18"
"053","s03e05","Day 3: 5:00 P.M.-6:00 P.M.","2003-11-25"
"054","s03e06","Day 3: 6:00 P.M.-7:00 P.M.","2003-12-02"
"055","s03e07","Day 3: 7:00 P.M.-8:00 P.M.","2003-12-09"
"056","s03e08","Day 3: 8:00 P.M.-9:00 P.M.","2003-12-16"
"057","s03e09","Day 3: 9:00 P.M.-10:00 P.M.","2004-01-06"
"058","s03e10","Day 3: 10:00 P.M.-11:00 P.M.","2004-01-13"
"059","s03e11","Day 3: 11:00 P.M.-12:00 A.M.","2004-01-27"
"060","s03e12","Day 3: 12:00 A.M.-1:00 A.M.","2004-02-03"
"061","s03e13","Day 3: 1:00 A.M.-2:00 A.M.","2004-02-10"
"062","s03e14","Day 3: 2:00 A.M.-3:00 A.M.","2004-02-17"
"063","s03e15","Day 3: 3:00 A.M.-4:00 A.M.","2004-02-24"
"064","s03e16","Day 3: 4:00 A.M.-5:00 A.M.","2004-03-30"
"065","s03e17","Day 3: 5:00 A.M.-6:00 A.M.","2004-04-06"
"066","s03e18","Day 3: 6:00 A.M.-7:00 A.M.","2004-04-18"
"067","s03e19","Day 3: 7:00 A.M.-8:00 A.M.","2004-04-20"
"068","s03e20","Day 3: 8:00 A.M.-9:00 A.M.","2004-04-27"
"069","s03e21","Day 3: 9:00 A.M.-10:00 A.M.","2004-05-04"
"070","s03e22","Day 3: 10:00 A.M.-11:00 A.M.","2004-05-11"
"071","s03e23","Day 3: 11:00 A.M.-12:00 P.M.","2004-05-18"
"072","s03e24","Day 3: 12:00 P.M.-1:00 P.M.","2004-05-25"
"073","s04e01","Day 4: 7:00 A.M.-8:00 A.M.","2005-01-09"
"074","s04e02","Day 4: 8:00 A.M.-9:00 A.M.","2005-01-09"
"075","s04e03","Day 4: 9:00 A.M.-10:00 A.M.","2005-01-10"
"076","s04e04","Day 4: 10:00 A.M.-11:00 A.M.","2005-01-10"
"077","s04e05","Day 4: 11:00 A.M.-12:00 P.M.","2005-01-17"
"078","s04e06","Day 4: 12:00 P.M.-1:00 P.M.","2005-01-24"
"079","s04e07","Day 4: 1:00 P.M.-2:00 P.M.","2005-01-31"
"080","s04e08","Day 4: 2:00 P.M.-3:00 P.M.","2005-02-07"
"081","s04e09","Day 4: 3:00 P.M.-4:00 P.M.","2005-02-14"
"082","s04e10","Day 4: 4:00 P.M.-5:00 P.M.","2005-02-21"
"083","s04e11","Day 4: 5:00 P.M.-6:00 P.M.","2005-02-28"
"084","s04e12","Day 4: 6:00 P.M.-7:00 P.M.","2005-03-07"
"085","s04e13","Day 4: 7:00 P.M.-8:00 P.M.","2005-03-14"
"086","s04e14","Day 4: 8:00 P.M.-9:00 P.M.","2005-03-21"
"087","s04e15","Day 4: 9:00 P.M.-10:00 P.M.","2005-03-28"
"088","s04e16","Day 4: 10:00 P.M.-11:00 P.M.","2005-04-04"
"089","s04e17","Day 4: 11:00 P.M.-12:00 A.M.","2005-04-11"
"090","s04e18","Day 4: 12:00 A.M.-1:00 A.M.","2005-04-18"
"091","s04e19","Day 4: 1:00 A.M.-2:00 A.M.","2005-04-25"
"092","s04e20","Day 4: 2:00 A.M.-3:00 A.M.","2005-05-02"
"093","s04e21","Day 4: 3:00 A.M.-4:00 A.M.","2005-05-09"
"094","s04e22","Day 4: 4:00 A.M.-5:00 A.M.","2005-05-16"
"095","s04e23","Day 4: 5:00 A.M.-6:00 A.M.","2005-05-23"
"096","s04e24","Day 4: 6:00 A.M.-7:00 A.M.","2005-05-23"
"097","s05e01","Day 5: 7:00 A.M.-8:00 A.M.","2006-01-15"
"098","s05e02","Day 5: 8:00 A.M.-9:00 A.M.","2006-01-15"
"099","s05e03","Day 5: 9:00 A.M.-10:00 A.M.","2006-01-16"
"100","s05e04","Day 5: 10:00 A.M.-11:00 A.M.","2006-01-16"
"101","s05e05","Day 5: 11:00 A.M.-12:00 P.M.","2006-01-23"
"102","s05e06","Day 5: 12:00 P.M.-1:00 P.M.","2006-01-30"
"103","s05e07","Day 5: 1:00 P.M.-2:00 P.M.","2006-02-06"
"104","s05e08","Day 5: 2:00 P.M.-3:00 P.M.","2006-02-13"
"105","s05e09","Day 5: 3:00 P.M.-4:00 P.M.","2006-02-20"
"106","s05e10","Day 5: 4:00 P.M.-5:00 P.M.","2006-02-27"
"107","s05e11","Day 5: 5:00 P.M.-6:00 P.M.","2006-03-06"
"108","s05e12","Day 5: 6:00 P.M.-7:00 P.M.","2006-03-06"
"109","s05e13","Day 5: 7:00 P.M.-8:00 P.M.","2006-03-13"
"110","s05e14","Day 5: 8:00 P.M.-9:00 P.M.","2006-03-20"
"111","s05e15","Day 5: 9:00 P.M.-10:00 P.M.","2006-03-27"
"112","s05e16","Day 5: 10:00 P.M.-11:00 P.M.","2006-04-03"
"113","s05e17","Day 5: 11:00 P.M.-12:00 A.M.","2006-04-10"
"114","s05e18","Day 5: 12:00 A.M.-1:00 A.M.","2006-04-17"
"115","s05e19","Day 5: 1:00 A.M.-2:00 A.M.","2006-04-24"
"116","s05e20","Day 5: 2:00 A.M.-3:00 A.M.","2006-05-01"
"117","s05e21","Day 5: 3:00 A.M.-4:00 A.M.","2006-05-08"
"118","s05e22","Day 5: 4:00 A.M.-5:00 A.M.","2006-05-15"
"119","s05e23","Day 5: 5:00 A.M.-6:00 A.M.","2006-05-22"
"120","s05e24","Day 5: 6:00 A.M.-7:00 A.M.","2006-05-22"
"121","s06e01","Day 6: 6:00 A.M.-7:00 A.M.","2007-01-14"
"122","s06e02","Day 6: 7:00 A.M.-8:00 A.M.","2007-01-14"
"123","s06e03","Day 6: 8:00 A.M.-9:00 A.M.","2007-01-15"
"124","s06e04","Day 6: 9:00 A.M.-10:00 A.M.","2007-01-15"
"125","s06e05","Day 6: 10:00 A.M.-11:00 A.M.","2007-01-22"
"126","s06e06","Day 6: 11:00 A.M.-12:00 P.M.","2007-01-29"
"127","s06e07","Day 6: 12:00 P.M.-1:00 P.M.","2007-02-05"
"128","s06e08","Day 6: 1:00 P.M.-2:00 P.M.","2007-02-12"
"129","s06e09","Day 6: 2:00 P.M.-3:00 P.M.","2007-02-12"
"130","s06e10","Day 6: 3:00 P.M.-4:00 P.M.","2007-02-19"
"131","s06e11","Day 6: 4:00 P.M.-5:00 P.M.","2007-02-26"
"132","s06e12","Day 6: 5:00 P.M.-6:00 P.M.","2007-03-05"
"133","s06e13","Day 6: 6:00 P.M.-7:00 P.M.","2007-03-12"
"134","s06e14","Day 6: 7:00 P.M.-8:00 P.M.","2007-03-19"
"135","s06e15","Day 6: 8:00 P.M.-9:00 P.M.","2007-03-26"
"136","s06e16","Day 6: 9:00 P.M.-10:00 P.M.","2007-04-02"
"137","s06e17","Day 6: 10:00 P.M.-11:00 P.M.","2007-04-09"
"138","s06e18","Day 6: 11:00 P.M.-12:00 A.M.","2007-04-16"
"139","s06e19","Day 6: 12:00 A.M.-1:00 A.M.","2007-04-23"
"140","s06e20","Day 6: 1:00 A.M.-2:00 A.M.","2007-04-30"
"141","s06e21","Day 6: 2:00 A.M.-3:00 A.M.","2007-05-07"
"142","s06e22","Day 6: 3:00 A.M.-4:00 A.M.","2007-05-14"
"143","s06e23","Day 6: 4:00 A.M.-5:00 A.M.","2007-05-21"
"144","s06e24","Day 6: 5:00 A.M.-6:00 A.M.","2007-05-21"
"145","s07e01","Day 7: 8:00 A.M.-9:00 A.M.","2009-01-11"
"146","s07e02","Day 7: 9:00 A.M.-10:00 A.M.","2009-01-11"
"147","s07e03","Day 7: 10:00 A.M.-11:00 A.M.","2009-01-12"
"148","s07e04","Day 7: 11:00 A.M.-12:00 P.M.","2009-01-12"
"149","s07e05","Day 7: 12:00 P.M.-1:00 P.M.","2009-01-19"
"150","s07e06","Day 7: 1:00 P.M.-2:00 P.M.","2009-01-26"
"151","s07e07","Day 7: 2:00 P.M.-3:00 P.M.","2009-02-02"
"152","s07e08","Day 7: 3:00 P.M.-4:00 P.M.","2009-02-09"
"153","s07e09","Day 7: 4:00 P.M.-5:00 P.M.","2009-02-16"
"154","s07e10","Day 7: 5:00 P.M.-6:00 P.M.","2009-02-23"
"155","s07e11","Day 7: 6:00 P.M.-7:00 P.M.","2009-03-02"
"156","s07e12","Day 7: 7:00 P.M.-8:00 P.M.","2009-03-02"
"157","s07e13","Day 7: 8:00 P.M.-9:00 P.M.","2009-03-09"
"158","s07e14","Day 7: 9:00 P.M.-10:00 P.M.","2009-03-16"
"159","s07e15","Day 7: 10:00 P.M.-11:00 P.M.","2009-03-23"
"160","s07e16","Day 7: 11:00 P.M.-12:00 A.M.","2009-03-30"
"161","s07e17","Day 7: 12:00 A.M.-1:00 A.M.","2009-04-06"
"162","s07e18","Day 7: 1:00 A.M.-2:00 A.M.","2009-04-13"
"163","s07e19","Day 7: 2:00 A.M.-3:00 A.M.","2009-04-20"
"164","s07e20","Day 7: 3:00 A.M.-4:00 A.M.","2009-04-27"
"165","s07e21","Day 7: 4:00 A.M.-5:00 A.M.","2009-05-04"
"166","s07e22","Day 7: 5:00 A.M.-6:00 A.M.","2009-05-11"
"167","s07e23","Day 7: 6:00 A.M.-7:00 A.M.","2009-05-18"
"168","s07e24","Day 7: 7:00 A.M.-8:00 A.M.","2009-05-18"
"169","s08e01","Day 8: 4:00 P.M.-5:00 P.M.","2010-01-17"
"170","s08e02","Day 8: 5:00 P.M.-6:00 P.M.","2010-01-17"
"171","s08e03","Day 8: 6:00 P.M.-7:00 P.M.","2010-01-18"
"172","s08e04","Day 8: 7:00 P.M.-8:00 P.M.","2010-01-18"
"173","s08e05","Day 8: 8:00 P.M.-9:00 P.M.","2010-01-25"
"174","s08e06","Day 8: 9:00 P.M.-10:00 P.M.","2010-02-01"
"175","s08e07","Day 8: 10:00 P.M.-11:00 P.M.","2010-02-08"
"176","s08e08","Day 8: 11:00 P.M.-12:00 A.M.","2010-02-15"
"177","s08e09","Day 8: 12:00 A.M.-1:00 A.M.","2010-02-22"
"178","s08e10","Day 8: 1:00 A.M.-2:00 A.M.","2010-03-01"
"179","s08e11","Day 8: 2:00 A.M.-3:00 A.M.","2010-03-08"
"180","s08e12","Day 8: 3:00 A.M.-4:00 A.M.","2010-03-15"
"181","s08e13","Day 8: 4:00 A.M.-5:00 A.M.","2010-03-22"
"182","s08e14","Day 8: 5:00 A.M.-6:00 A.M.","2010-03-29"
"183","s08e15","Day 8: 6:00 A.M.-7:00 A.M.","2010-04-05"
"184","s08e16","Day 8: 7:00 A.M.-8:00 A.M.","2010-04-05"
"185","s08e17","Day 8: 8:00 A.M.-9:00 A.M.","2010-04-12"
"186","s08e18","Day 8: 9:00 A.M.-10:00 A.M.","2010-04-19"
"187","s08e19","Day 8: 10:00 A.M.-11:00 A.M.","2010-04-26"
"188","s08e20","Day 8: 11:00 A.M.-12:00 P.M.","2010-05-03"
"189","s08e21","Day 8: 12:00 P.M.-1:00 P.M.","2010-05-10"
"190","s08e22","Day 8: 1:00 P.M.-2:00 P.M.","2010-05-17"
"191","s08e23","Day 8: 2:00 P.M.-3:00 P.M.","2010-05-24"
"192","s08e24","Day 8: 3:00 P.M.-4:00 P.M.","2010-05-24"
"193","s09e01","Day 9: 11:00 A.M.-12:00 P.M.","2014-05-05"
"194","s09e02","Day 9: 12:00 P.M.-1:00 P.M.","2014-05-05"
"195","s09e03","Day 9: 1:00 P.M.-2:00 P.M.","2014-05-12"
"196","s09e04","Day 9: 2:00 P.M.-3:00 P.M.","2014-05-19"
"197","s09e05","Day 9: 3:00 P.M.-4:00 P.M.","2014-05-26"
"198","s09e06","Day 9: 4:00 P.M.-5:00 P.M.","2014-06-02"
"199","s09e07","Day 9: 5:00 P.M.-6:00 P.M.","2014-06-09"
"200","s09e08","Day 9: 6:00 P.M.-7:00 P.M.","2014-06-16"
"201","s09e09","Day 9: 7:00 P.M.-8:00 P.M.","2014-06-23"
"202","s09e10","Day 9: 8:00 P.M.-9:00 P.M.","2014-06-30"
"203","s09e11","Day 9: 9:00 P.M.-10:00 P.M.","2014-07-07"
"204","s09e12","Day 9: 10:00 P.M.-11:00 A.M.","2014-07-14"
