"ep_no","series_ep_code","title","air_date","alt_title"
"001","s01e01","A Visit from Thomas","2006-10-02","Jack & Jet Pack - A Visit from Thomas"
"002","s01e02","Thomas' Trusty Friends","2006-10-02","Jack & Jet Pack - Thomas' Trusty Friends"
"003","s01e03","Alfie Has Kittens","2006-10-02","Jack & Jet Pack - Alfie Has Kittens"
"004","s01e04","Kelly's Windy Day","2006-10-02","Jack & Jet Pack - Kelly's Windy Day"
"005","s01e05","Thomas and the Moles","2006-10-02","Jack & Jet Pack - Thomas and the Moles"
"006","s01e06","The Tortoise and the Hare","2006-10-02","Jack & Jet Pack - The Tortoise and the Hare"
"007","s01e07","Percy's Scary Tale","2006-10-02","Jack & Jet Pack - Percy's Scary Tale"
"008","s01e08","A Happy Day for Percy","2006-10-02","Jack & Jet Pack - A Happy Day for Percy"
"009","s01e09","Mud Glorious Mud","2006-10-02","Jack & Jet Pack - Mud Glorious Mud"
"010","s01e10","A Tale for Thomas","2006-10-02","Jack & Jet Pack - A Tale for Thomas"
"011","s01e11","Jack Owns Up","2006-10-02","Jack & Jet Pack - Jack Owns Up"
"012","s01e12","On Site with Thomas","2006-10-02","Jack & Jet Pack - On Site with Thomas"
"013","s01e13","Percy Helps Out","2006-10-02","Jack & Jet Pack - Percy Helps Out"